experiment,comparison,concurrency,round,throughput_ratio,tpot_reduction
original_independent_engines,fixed/ar,1,0,2.374843265390419,0.6463251602189064
original_independent_engines,fixed/ar,4,0,1.7860918606377405,0.6010622512556968
original_independent_engines,fixed/ar,16,0,1.0117025280833816,0.3707046965053966
original_independent_engines,fixed/ar,1,1,2.45554671036413,0.638654069910096
original_independent_engines,fixed/ar,4,1,1.6882459537740757,0.558701718941387
original_independent_engines,fixed/ar,16,1,1.0235627719616478,0.3337546024525543
original_independent_engines,fixed/ar,1,2,2.4333304096108836,0.6381329020514188
original_independent_engines,fixed/ar,4,2,1.5638636257090615,0.5497292386611563
original_independent_engines,fixed/ar,16,2,0.8976298336258406,0.27266079062181214
original_independent_engines,fixed/ar,1,3,2.342237616096347,0.6237548006995852
original_independent_engines,fixed/ar,4,3,1.7436902651196569,0.5632410742731069
original_independent_engines,fixed/ar,16,3,0.8171054614532066,0.20470883295679565
original_independent_engines,fixed/ar,1,4,2.448053638855561,0.6449942296098303
original_independent_engines,fixed/ar,4,4,1.3838657623471289,0.5061567589446312
original_independent_engines,fixed/ar,16,4,0.8476792576056311,0.24251373899214235
held_out_common_graph_pool,graphs/native,1,0,1.0220087395561634,0.019237738538035454
held_out_common_graph_pool,graphs/native,16,0,1.067528532940014,0.10400585569362264
held_out_common_graph_pool,budget/native,16,0,1.0705781452050986,0.1537677077430999
held_out_common_graph_pool,budget/graphs,16,0,1.0028567032833176,0.05553814426767234
held_out_common_graph_pool,budget/native,1,0,1.0229975251976273,-0.00046721994430898306
held_out_common_graph_pool,budget/graphs,1,0,1.0009674923542173,-0.020091472986502934
held_out_common_graph_pool,budget/native,4,0,1.1203381206168053,0.007608269572452753
held_out_common_graph_pool,budget/graphs,4,0,1.087281431526024,-0.0011400945496873316
held_out_common_graph_pool,graphs/native,4,0,1.0304030659701284,0.00873840151819627
held_out_common_graph_pool,budget/native,4,1,0.9813386585681201,-0.04870704421868166
held_out_common_graph_pool,budget/graphs,4,1,0.992083090587822,0.024645774400176346
held_out_common_graph_pool,graphs/native,4,1,0.9891698264776032,-0.07520633703488344
held_out_common_graph_pool,graphs/native,1,1,1.0106673064270169,-0.014432372255730908
held_out_common_graph_pool,graphs/native,16,1,1.0170599496150747,0.0629980091690937
held_out_common_graph_pool,budget/native,16,1,1.126937988921954,0.2080658773042996
held_out_common_graph_pool,budget/graphs,16,1,1.1080349681928432,0.1548213019340161
held_out_common_graph_pool,budget/native,1,1,0.9958487779273576,-0.01567095738312707
held_out_common_graph_pool,budget/graphs,1,1,0.9853378768607379,-0.0012209637244144922
held_out_common_graph_pool,budget/native,4,2,1.101426154466368,0.00043060866619104576
held_out_common_graph_pool,budget/graphs,4,2,1.0763534417414091,0.009286951161847523
held_out_common_graph_pool,budget/native,16,2,1.0532818804996085,0.14471876647718873
held_out_common_graph_pool,budget/graphs,16,2,1.020479111443445,0.07942832446301606
held_out_common_graph_pool,graphs/native,1,2,1.0083247991247921,-0.010965135496749046
held_out_common_graph_pool,graphs/native,4,2,1.0232941260301953,-0.008939361913161914
held_out_common_graph_pool,graphs/native,16,2,1.0321444786946836,0.07092380066558934
held_out_common_graph_pool,budget/native,1,2,0.9952738666463447,-0.019659724494754505
held_out_common_graph_pool,budget/graphs,1,2,0.987056816920723,-0.00860028569999427
held_out_common_graph_pool,graphs/native,1,3,0.9774312855416314,-0.011517691214678605
held_out_common_graph_pool,budget/native,4,3,1.0109581909623906,-0.08625900899004613
held_out_common_graph_pool,budget/graphs,4,3,1.1012520721080137,0.03369807440374617
held_out_common_graph_pool,budget/native,1,3,1.0047195948088452,-0.008765807931866432
held_out_common_graph_pool,budget/graphs,1,3,1.0279183914724936,0.0027205488413233336
held_out_common_graph_pool,budget/native,16,3,0.996180582416827,0.103733216572927
held_out_common_graph_pool,budget/graphs,16,3,0.9765091341818914,0.07213501480622986
held_out_common_graph_pool,graphs/native,4,3,0.9180079807043787,-0.12414037498659969
held_out_common_graph_pool,graphs/native,16,3,1.020144663829915,0.034054741013961554
held_out_common_graph_pool,graphs/native,1,4,0.987277917697778,-0.020348586336740526
held_out_common_graph_pool,budget/native,1,4,0.9954335057676161,-0.0007888723356939131
held_out_common_graph_pool,budget/graphs,1,4,1.0082606811351116,0.019169638947871825
held_out_common_graph_pool,budget/native,4,4,1.0629982258638426,-0.047263980356644364
held_out_common_graph_pool,budget/graphs,4,4,1.0712077597078704,-0.0399198193283663
held_out_common_graph_pool,graphs/native,4,4,0.9923361889702269,-0.007062237772351709
held_out_common_graph_pool,graphs/native,16,4,1.039893863984215,0.05053760547483077
held_out_common_graph_pool,budget/native,16,4,1.0567713621070034,0.11786693246550484
held_out_common_graph_pool,budget/graphs,16,4,1.016230019915806,0.07091310554152674
direct_c16_common_graph_pool,native/ar,16,0,0.9506080314527722,0.33369825427843713
direct_c16_common_graph_pool,native/ar,16,1,0.9176086842284337,0.29774692982517514
direct_c16_common_graph_pool,native/ar,16,2,0.9394486047611156,0.30722120262290153
direct_c16_common_graph_pool,native/ar,16,3,0.7661972380452151,0.1878775273239669
direct_c16_common_graph_pool,native/ar,16,4,0.9305181228495645,0.3055942130347493
direct_c16_common_graph_pool,graphs/ar,16,0,0.9782502556556222,0.37170745078156886
direct_c16_common_graph_pool,graphs/ar,16,1,0.8703667298142203,0.26232146125139333
direct_c16_common_graph_pool,graphs/ar,16,2,0.9481361767140792,0.3378521142439571
direct_c16_common_graph_pool,graphs/ar,16,3,0.9034779469255769,0.29777916068115207
direct_c16_common_graph_pool,graphs/ar,16,4,0.9268618181418384,0.3227221073279469
direct_c16_common_graph_pool,budget/ar,16,0,0.9949251733806264,0.4064894859167961
direct_c16_common_graph_pool,budget/ar,16,1,0.9742445699400828,0.40737790208372926
direct_c16_common_graph_pool,budget/ar,16,2,1.0160534611666556,0.4310765756446211
direct_c16_common_graph_pool,budget/ar,16,3,0.9791736479312203,0.3845763674131111
direct_c16_common_graph_pool,budget/ar,16,4,1.0029133047712075,0.39907835156927973
direct_c16_common_graph_pool,graphs/native,16,0,1.029078466926695,0.05704502013869128
direct_c16_common_graph_pool,graphs/native,16,1,0.9485162300377131,-0.05044544492338443
direct_c16_common_graph_pool,graphs/native,16,2,1.0092475223327122,0.04421456276812452
direct_c16_common_graph_pool,graphs/native,16,3,1.1791715005794114,0.13532642803867645
direct_c16_common_graph_pool,graphs/native,16,4,0.9960706786703636,0.024665540833193944
direct_c16_common_graph_pool,budget/graphs,16,0,1.0170456563937504,0.05535961739239892
direct_c16_common_graph_pool,budget/graphs,16,1,1.119349507015319,0.19663909577525296
direct_c16_common_graph_pool,budget/graphs,16,2,1.071632415385683,0.1407909976095747
direct_c16_common_graph_pool,budget/graphs,16,3,1.0837825663185543,0.12360386059768891
direct_c16_common_graph_pool,budget/graphs,16,4,1.0820526697084536,0.11273990346870155
direct_c16_common_graph_pool,budget/native,16,0,1.046619784876135,0.10924664704207054
direct_c16_common_graph_pool,budget/native,16,1,1.0617211744887431,0.15611319752758313
direct_c16_common_graph_pool,budget/native,16,2,1.0815423600794203,0.17878054797670384
direct_c16_common_graph_pool,budget/native,16,3,1.2779655150276552,0.24220341968988957
direct_c16_common_graph_pool,budget/native,16,4,1.0778009370735782,0.13462465360935794
